epoch,time,train/box_loss,train/cls_loss,train/dfl_loss,metrics/precision(B),metrics/recall(B),metrics/mAP50(B),metrics/mAP50-95(B),val/box_loss,val/cls_loss,val/dfl_loss,lr/pg0,lr/pg1,lr/pg2
1,44.5127,2.14752,3.96121,1.07541,0.0013,0.01506,0.00082,0.00033,2.12686,4.30071,1.04916,4.444e-05,4.444e-05,4.444e-05
2,84.4314,2.23889,3.50763,1.06594,0.0006,0.00602,0.00031,0.00017,2.16513,4.20084,1.06348,9.80102e-05,9.80102e-05,9.80102e-05
3,123.921,2.1851,2.62589,1.06584,0.00037,0.00301,0.00268,0.00107,2.12676,4.1713,1.06324,0.000149381,0.000149381,0.000149381
4,163.502,2.17641,1.97631,1.04945,0,0,0,0,2.08769,4.31928,1.10208,0.000198551,0.000198551,0.000198551
5,203,2.15462,1.83752,1.06406,0.00074,0.00602,0.0004,0.00026,2.09833,4.14535,1.08727,0.000245522,0.000245522,0.000245522
6,242.516,2.22022,1.77379,1.1582,0.00282,0.0241,0.00949,0.00361,2.14359,3.90688,1.08533,0.000290293,0.000290293,0.000290293
7,282.54,2.09404,1.57932,1.09795,0.01488,0.18554,0.08135,0.03017,2.0781,3.64246,1.05217,0.000332864,0.000332864,0.000332864
8,321.805,2.03657,1.61414,1.05562,0.01453,0.13554,0.07856,0.03239,2.07982,3.63611,1.04991,0.000373236,0.000373236,0.000373236
9,367.207,2.08265,1.5674,1.07886,0.01615,0.18554,0.10176,0.03544,2.15585,3.63972,1.08926,0.000411408,0.000411408,0.000411408
10,405.835,2.15074,1.57184,1.13281,0.01662,0.23253,0.08597,0.03197,2.08406,3.64333,1.07407,0.00044738,0.00044738,0.00044738
11,444.489,2.05361,1.53028,1.10469,0.03021,0.39096,0.23369,0.07828,2.15559,3.48905,1.10067,0.000481152,0.000481152,0.000481152
12,483.176,2.07064,1.53808,1.10588,0.03183,0.49699,0.26258,0.10361,2.14859,3.39082,1.07897,0.000512724,0.000512724,0.000512724
13,522.421,2.10593,1.47112,1.11164,0.03609,0.67108,0.28447,0.11363,2.10603,3.32467,1.06516,0.000542097,0.000542097,0.000542097
14,561.56,2.01489,1.43409,1.06424,0.04014,0.66325,0.4576,0.20042,2.09967,2.92144,1.08775,0.00056927,0.00056927,0.00056927
15,600.375,2.01592,1.42936,1.10913,0.04225,0.74639,0.53632,0.22853,2.19516,2.85287,1.11502,0.000594243,0.000594243,0.000594243
16,639.249,2.03433,1.37996,1.10641,0.04083,0.74639,0.50711,0.20118,2.24164,2.8261,1.15044,0.000617016,0.000617016,0.000617016
17,677.972,2.05012,1.33581,1.07385,0.04054,0.75843,0.4909,0.20685,2.1643,2.55734,1.11026,0.00063759,0.00063759,0.00063759
18,717.304,2.05091,1.30396,1.08686,0.83565,0.37108,0.53559,0.22604,2.16752,2.38873,1.11357,0.000655963,0.000655963,0.000655963
19,756.381,2.01626,1.31168,1.09369,0.97529,0.24958,0.55685,0.22991,2.24421,2.2073,1.14658,0.000672137,0.000672137,0.000672137
20,795.221,2.04309,1.2635,1.09544,0.97125,0.33927,0.58631,0.24901,2.22961,2.01583,1.1193,0.000686111,0.000686111,0.000686111
21,833.907,2.00846,1.31887,1.11422,0.94769,0.37952,0.62877,0.26226,2.20123,2.00505,1.10795,0.000671044,0.000671044,0.000671044
22,872.796,1.95983,1.25874,1.07713,0.93383,0.44575,0.65792,0.25309,2.21548,1.86806,1.11188,0.000649046,0.000649046,0.000649046
23,911.883,1.96947,1.32584,1.0409,0.8993,0.46205,0.67699,0.26349,2.20164,1.85502,1.10313,0.000627048,0.000627048,0.000627048
24,950.447,1.95266,1.27851,1.0746,0.70459,0.52892,0.65479,0.24394,2.20527,1.85708,1.11226,0.000605051,0.000605051,0.000605051
25,988.912,1.96164,1.24583,1.09446,0.72828,0.57108,0.68315,0.255,2.17615,1.70376,1.10607,0.000583053,0.000583053,0.000583053
26,1027.46,1.97274,1.32143,1.0852,0.85153,0.53035,0.7062,0.26827,2.19602,1.6865,1.1171,0.000561055,0.000561055,0.000561055
27,1065.72,1.95088,1.23886,1.05243,0.86677,0.49217,0.68197,0.26356,2.19744,1.68431,1.11231,0.000539057,0.000539057,0.000539057
28,1103.41,1.96781,1.2312,1.06396,0.75145,0.51992,0.70358,0.27497,2.21844,1.47242,1.11056,0.000517059,0.000517059,0.000517059
29,1141.24,1.95672,1.2307,1.10159,0.82783,0.56438,0.7317,0.27474,2.23109,1.44281,1.11119,0.000495062,0.000495062,0.000495062
30,1179.37,1.94501,1.23374,1.06906,0.83127,0.59708,0.74577,0.26702,2.22572,1.46993,1.10234,0.000473064,0.000473064,0.000473064
31,1218,1.93334,1.22,1.05709,0.81644,0.62255,0.75378,0.2626,2.20617,1.43685,1.09318,0.000451066,0.000451066,0.000451066
32,1255.86,1.88582,1.16468,1.06646,0.75882,0.67725,0.76634,0.26417,2.19556,1.28348,1.08756,0.000429068,0.000429068,0.000429068
33,1294.12,1.92211,1.1839,1.06452,0.85809,0.65429,0.76026,0.27984,2.17954,1.26683,1.08233,0.00040707,0.00040707,0.00040707
34,1332.43,1.93379,1.1873,1.06356,0.81595,0.63495,0.77145,0.2989,2.17641,1.25361,1.0831,0.000385073,0.000385073,0.000385073
35,1370.02,1.84604,1.13743,1.04997,0.68052,0.6753,0.73574,0.28339,2.17628,1.26739,1.08676,0.000363075,0.000363075,0.000363075
36,1407.35,1.84365,1.12245,1.03993,0.63247,0.6635,0.66236,0.25929,2.18591,1.27205,1.11253,0.000341077,0.000341077,0.000341077
37,1445.45,1.86748,1.10672,1.04392,0.59378,0.66266,0.65676,0.26026,2.17716,1.22489,1.11211,0.000319079,0.000319079,0.000319079
38,1483.52,1.91746,1.15197,1.08023,0.62824,0.59769,0.67683,0.27085,2.17653,1.21705,1.10683,0.000297081,0.000297081,0.000297081
39,1522.21,1.83602,1.09599,1.02499,0.61848,0.60191,0.66783,0.27344,2.17144,1.24076,1.10538,0.000275084,0.000275084,0.000275084
40,1559.9,1.826,1.10158,1.05282,0.65134,0.61446,0.70288,0.28084,2.17147,1.23692,1.10312,0.000253086,0.000253086,0.000253086
41,1597.15,1.85946,1.33272,1.02636,0.71068,0.5994,0.71434,0.27862,2.1827,1.23534,1.10401,0.000231088,0.000231088,0.000231088
42,1633.83,1.87163,1.23894,1.06109,0.90441,0.55333,0.72915,0.28325,2.17571,1.2361,1.09903,0.00020909,0.00020909,0.00020909
43,1669.99,1.89777,1.22319,1.07375,0.89366,0.59427,0.73947,0.28382,2.17347,1.22208,1.10206,0.000187092,0.000187092,0.000187092
44,1706.25,1.87329,1.2243,1.08386,0.88488,0.59691,0.7736,0.29543,2.17348,1.15682,1.11053,0.000165095,0.000165095,0.000165095
45,1743.39,1.84859,1.19703,1.0569,0.88381,0.60288,0.77656,0.29614,2.18497,1.14151,1.11429,0.000143097,0.000143097,0.000143097
46,1781.28,1.88026,1.21969,1.05524,0.8821,0.59695,0.76135,0.29319,2.19036,1.13872,1.11551,0.000121099,0.000121099,0.000121099
47,1819.24,1.89539,1.20615,1.04635,0.88202,0.59764,0.76582,0.29059,2.19334,1.13523,1.1159,9.91012e-05,9.91012e-05,9.91012e-05
48,1856.12,1.83001,1.18306,1.0669,0.89585,0.59929,0.76446,0.28575,2.20307,1.12539,1.11546,7.71034e-05,7.71034e-05,7.71034e-05
49,1892.85,1.87226,1.17672,1.07521,0.90498,0.59923,0.76196,0.28693,2.18715,1.11867,1.10914,5.51056e-05,5.51056e-05,5.51056e-05
50,1929.91,1.8123,1.17384,1.03942,0.90815,0.60485,0.7647,0.28606,2.18052,1.11127,1.10684,3.31078e-05,3.31078e-05,3.31078e-05
